actors,description,director,duration,genre,original_title,score,title,year
"Charles Aznavour,Edward Asner,Tom Trouffier","Carl Fredricksen, un vendeur de ballons à la retraite, est prêt pour sa dernière chance de s’envoler. Il attache des milliers de ballons à sa maison et se dirige vers le monde perdu de ses rêves d’enfant. Mais, à son insu, Carl embarque Russell, un garçon de 8 ans là au mauvais endroit au mauvais moment. Ce duo improbable va se faire de nouveaux amis, comme Doug, un chien avec un collier spécial qui lui permet de parler, et Kevin, un oiseau qui ne peut pas voler. Carl réalise vite que les plus grandes aventures de la vie ne sont pas celles qu’on croit.","Pete Docter,Bob Peterson,Bob Peterson,Pete Docter",95,Aventure,Up,,Là-haut,2009
"Takashi Shimura,Shin'ichi Himori,Haruo Tanaka","Atteint d'un cancer, Watanabe, chef de service du génie civil, décide de réaliser le projet qu'il avait tout d'abord repoussé, celui d'assainir un terrain vague du quartier de Hureocho pour que les enfants puissent jouer dans un véritable jardin.","Akira Kurosawa,Akira Kurosawa,Hideo Oguni",143,Drame,Ikiru,4.0,Vivre,1966
"Jack Nicholson,Louise Fletcher,William Redfield","Adapté du best-seller éponyme de Ken Kesey, Vol au-dessus d'un nid de coucou décrit, avec une précision quasiment documentaire, les traitements infligés aux patients dans les années 1960 : médicaments surdosés, douches glacées, électrochocs ou encore lobotomie. Mais ce pamphlet contre le fonctionnement des hôpitaux psychiatriques questionne aussi le sens de la révolte : pourquoi doit-on résister ? Jusqu'où peut-on s'opposer ? Où se situe la frontière entre l'héroïsme et la folie ? D'un côté, convaincue de faire le bien, miss Ratched applique les règles aveuglément et infantilise ses patients. De l'autre, McMurphy se bat pour leur rendre leur dignité quitte à défier les lois d'un système répressif et inhumain. Louise Fletcher et Jack Nicholson, tous deux oscarisés pour leur performance exceptionnelle, personnifient la confrontation entre l'individu et l'institution, placée au cœur d'une œuvre intense dont on ne sort pas indemne. Magistralement mis en scène par Milos Forman, un grand film, qui a marqué toute une génération.","Milos Forman,Bo Goldman,Lawrence Hauben",129,Drame,One Flew Over the Cuckoo's Nest,,Vol au-dessus d'un nid de coucou,1976
"Emmanuel Curtil,Matthew Broderick,Dimitri Rougeul","Sur les Hautes terres d’Afrique règne un lion tout-puissant, le roi Mufasa, que tous les hôtes de la jungle respectent et admirent pour sa sagesse et sa générosité. Son jeune fils Simba sait qu’un jour il lui succédera, conformément aux lois universelles du cycle de la vie, mais il est loin de deviner les épreuves et les sacrifices que lui imposera l’exercice du pouvoir. Espiègle, naïf et turbulent, le lionceau passe le plus clair de son temps à jouer avec sa petite copine Nala et à taquiner Zazu, son digne précepteur. Son futur royaume lui apparaît en songe comme un lieu enchanté où il fera bon vivre, s’amuser et donner des ordres. Cependant, l’univers de Simba n’est pas aussi sûr qu’il le croie. Scar, le frère de Mufasa, aspire en effet depuis toujours au trône. Maladivement jaloux de son aîné, il intrigue pour l’éliminer en même temps que son successeur. Misant sur la curiosité enfantine et le tempérament aventureux de Simba, il révèle à celui-ci l’existence d’un mystérieux et dangereux cimetière d’éléphants. Simba, oubliant les avertissements répétés de son père, s’y rend aussitôt en secret avec Nala et se fait attaquer par 3 hyènes féroces. Par chance, Mufasa arrive à temps pour sauver l’imprudent lionceau et sa petite compagne. Mais Scar ne renonce pas à ses sinistres projets. Aidé des 3 hyènes, il attire Simba dans un ravin et lance à sa poursuite un troupeau de gnous. N’écoutant que son courage, Mufasa sauve à nouveau son fils et tente de se mettre à l’abri en gravissant la falaise. Repoussé par son frère félon, il périt sous les sabots des gnous affolés. Scar blâme alors l’innocent Simba pour la mort du Roi et le persuade de quitter pour toujours les Hautes terres. Simba se retrouve pour la première fois seul et démuni face à un monde hostile. C’est alors que le destin place sur sa route un curieux tandem d’amis...","Roger Allers,Rob Minkoff,Jim Capobianco,Irene Mecchi",89,Aventure,The Lion King,4.0,Le Roi Lion,1994
"Chika Sakamoto,Noriko Hidaka,Shigesato Itoi","Deux petites filles, Mei et Satsuki, viennent s'installer avec leur père dans une grande maison à la campagne afin de se rapprocher de l'hôpital où séjourne leur mère. Elles vont découvrir l'existence de leurs nouveaux voisins, invisible aux yeux des autres humains, des créatures merveilleuses, mais très discrètes : Grand Totoro, Moyen Totoro (Chū-Totoro) et Petit Totoro (Chibi-Totoro). Avec son ventre rebondi, Totoro est un être rare et fascinant, un esprit de la forêt... Il se nourrit de glands et de noix. Il peut voler, se déplacer en « Chat-Bus ». Il dort le jour, mais les nuits de pleine lune, il aime jouer avec des ocarinas magiques...","Hayao Miyazaki,Hayao Miyazaki",87,Animation,Tonari no Totoro,4.0,Mon voisin Totoro,1999
"Tom Cruise,Miles Teller,Jennifer Connelly","Après avoir été l’un des meilleurs pilotes de chasse de la Marine américaine pendant plus de trente ans, Pete “Maverick"" Mitchell continue à repousser ses limites en tant que pilote d'essai. Il refuse de monter en grade, car cela l’obligerait à renoncer à voler. Il est chargé de former un détachement de jeunes diplômés de l’école Top Gun pour une mission spéciale qu’aucun pilote n'aurait jamais imaginée. Lors de cette mission, Maverick rencontre le lieutenant Bradley “Rooster” Bradshaw, le fils de son défunt ami, le navigateur Nick “Goose” Bradshaw. Face à un avenir incertain, hanté par ses fantômes, Maverick va devoir affronter ses pires cauchemars au cours d’une mission qui exigera les plus grands des sacrifices.","Joseph Kosinski,Christopher McQuarrie,Ehren Kruger",131,Action,,,Top Gun: Maverick,2022
"Al Pacino,Robert De Niro,Val Kilmer","Neil McCauley est un braqueur qui a de l'expérience. Il veille, au cours de ses vols, à ne pas commettre d'impairs. Ses complices n'ont pas autant de scrupules ni de «conscience professionnelle». Lors d'une opération pourtant bien planifiée, l'un d'entre eux tire sur deux vigiles. Ce double meurtre intéresse au plus au point le lieutenant Hanna, qui ne met guère de temps à identifier McCauley comme étant le cerveau de la bande. Les deux hommes apprennent à se connaître par dossier et surveillance interposée. A tel point qu'il finissent par se rencontrer. Chacun jure alors de mettre l'autre en échec. Un duel s'engage, à la limite de la légalité. Robert De Niro et Al Pacino, deux monstres du cinéma, se livrent à un numéro d'anthologie.","Michael Mann,Michael Mann,Val Kilmer",170,Action,,,Heat,1996
"Sean Connery,Harry Andrews,Ian Bannen","Durant la Seconde Guerre mondiale, un camp disciplinaire situé en Libye et dirigé par le sergent-major Wilson accueille cinq nouveaux prisonniers. Le terrible et très cruel sergent Williams est nommé par Wilson pour en faire ce qu'il estime de vrais soldats. Sous un soleil de plomb et face au défi d'une colline artificielle installée au milieu du camp pour les malmener, les cinq hommes vont devoir affronter l'autorité du sergent Williams.","Sidney Lumet,Ray Rigby",123,Drame,The Hill,4.0,La Colline des hommes perdus,2007
"Jack Nicholson,Jean-Louis Trintignant,Shelley Duvall","Écrivain, Jack Torrance est engagé comme gardien, pendant tout l’hiver, d’un grand hôtel isolé du Colorado – l’Overlook – où il espère surmonter enfin sa panne d’inspiration. Il s’y installe avec sa femme Wendy et son fils Danny, doté d’un don de médium. Tandis que Jack n’avance pas dans son livre et que son fils est de plus en plus hanté par des visions terrifiantes, il découvre les terribles secrets de l’hôtel et bascule peu à peu dans une forme de folie meurtrière où il s’en prend à sa propre famille…","Stanley Kubrick,Stanley Kubrick,Diane Johnson",143,Epouvante-horreur,The Shining,4.0,Shining,1980
"Andrea Santamaria,Anthony Gonzalez (VIII),Benjamin Bratt","Depuis déjà plusieurs générations, la musique est bannie dans la famille de Miguel. Un vrai déchirement pour le jeune garçon dont le rêve ultime est de devenir un musicien aussi accompli que son idole, Ernesto de la Cruz. ","Lee Unkrich,Adrian Molina,Adrian Molina,Matthew Aldrich",105,Animation,,4.1,Coco,2017
"George MacKay,Dean-Charles Chapman,Mark Strong","Pris dans la tourmente de la Première Guerre Mondiale, Schofield et Blake, deux jeunes soldats britanniques, se voient assigner une mission à proprement parler impossible. Porteurs d’un message qui pourrait empêcher une attaque dévastatrice et la mort de centaines de soldats, dont le frère de Blake, ils se lancent dans une véritable course contre la montre, derrière les lignes ennemies.","Sam Mendes,Sam Mendes,Krysty Wilson-Cairns,Mark Strong",119,Drame,,4.2,1917,2020
"Robert De Niro,Sharon Stone,Joe Pesci","En 1973, Sam Ace Rothstein est le grand manitou de la ville de toutes les folies, Las Vegas. Il achète et épouse une virtuose de l’arnaque, Ginger Mc Kenna, qui sombre bien vite dans l’alcool et la drogue. Mais un autre ennui guette Sam, son ami d’enfance Nicky Santoro, qui entreprend de mettre la ville en coupe réglée…","Martin Scorsese,Nicholas Pileggi,Martin Scorsese,Sharon Stone,Joe Pesci",178,Policier,,,Casino,1996
"Harry Baur,Charles Vanel,Paul Azaïs","Jean Valjean recueille Cosette et l'emmène vivre à Paris. Des années plus tard, elle rencontre un jeune homme, Marius, qui a pour voisins les Thénardier, appauvris et assoiffés de vengeance. Deuxième partie d'une des plus célèbres adaptations du roman de Victor Hugo.","Raymond Bernard,Raymond Bernard,André Lang",81,Drame,,4.0,Les Misérables - Les Thénardier,2013
"Christian Bale,Gary Oldman,Tom Hardy","Il y a huit ans, Batman a disparu dans la nuit : lui qui était un héros est alors devenu un fugitif. S'accusant de la mort du procureur-adjoint Harvey Dent, le Chevalier Noir a tout sacrifié au nom de ce que le commissaire Gordon et lui-même considéraient être une noble cause. Et leurs actions conjointes se sont avérées efficaces pour un temps puisque la criminalité a été éradiquée à Gotham City grâce à l'arsenal de lois répressif initié par Dent.","Christopher Nolan,Christopher Nolan,Jonathan Nolan",164,Action,,,The Dark Knight Rises,2012
"Christian Bale,Philippe Valmont,Heath Ledger","Dans ce nouveau volet, Batman augmente les mises dans sa guerre contre le crime. Avec l'appui du lieutenant de police Jim Gordon et du procureur de Gotham, Harvey Dent, Batman vise à éradiquer le crime organisé qui pullule dans la ville. Leur association est très efficace mais elle sera bientôt bouleversée par le chaos déclenché par un criminel extraordinaire que les citoyens de Gotham connaissent sous le nom de Joker.","Christopher Nolan,Jonathan Nolan,Christopher Nolan",152,Action,The Dark Knight,4.0,"The Dark Knight, Le Chevalier Noir",2008
"Robert Mitchum,Shelley Winters,Lillian Gish","Un prêcheur inquiétant poursuit dans l'Amérique rurale deux enfants dont le père vient d'être condamné pour vol et meurtre. Avant son incarcération, le père leur avait confié dix mille dollars, dont ils ne doivent révéler l'existence à personne. Pourchassés sans pitié par ce pasteur psychopathe et abandonnés à eux-mêmes, les enfants se lancent sur les routes.","Charles Laughton,James Agee,Charles Laughton",92,Drame,The Night of the Hunter,,La Nuit du chasseur,1956
"Sam Worthington,Zoe Saldana,Sigourney Weaver","Malgré sa paralysie, Jake Sully, un ancien ","James Cameron,James Cameron",162,Aventure,,4.0,Avatar,2009
"Harrison Ford,Sean Connery,Denholm Elliott","L'archéologue aventurier Indiana Jones se retrouve aux prises avec un maléfique milliardaire. Aux côtés de la cupide Elsa et de son père, il part à la recherche du Graal.","Steven Spielberg,George Lucas,Menno Meyjes",127,Action,Indiana Jones and the Last Crusade,,Indiana Jones et la Dernière Croisade,1989
"Gaspard Schlatter,Sixtine Murat,Paulin Jaccoud","Courgette n’a rien d’un légume, c’est un vaillant petit garçon. Il croit qu’il est seul au monde quand il perd sa mère. Mais c’est sans compter sur les rencontres qu’il va faire dans sa nouvelle vie au foyer pour enfants. Simon, Ahmed, Jujube, Alice et Béatrice : ils ont tous leurs histoires et elles sont aussi dures qu’ils sont tendres. Et puis il y a cette fille, Camille. Quand on a 10 ans, avoir une bande de copains, tomber amoureux, il y en a des choses à découvrir et à apprendre. Et pourquoi pas même, être heureux.","Claude Barras,Céline Sciamma",66,Animation,,4.0,Ma Vie De Courgette,2016
"James Stewart,Donna Reed,Lionel Barrymore","Le décès de son père oblige un homme à reprendre l'entreprise familiale de prêts à la construction, qui permet aux plus déshérités de se loger. Il entre en conflit avec l'homme le plus riche de la ville, qui tente de ruiner ses efforts. Au moment où il approche de la victoire, il égare les 8 000 dollars qu'il devait déposer en banque. Le soir de Noël, désespéré, il songe au suicide. C'est alors que le Ciel dépêche à ses côtés un ange de seconde classe, qui pour gagner ses ailes devra l'aider à sortir de cette mauvaise passe...","Frank Capra,Frances Goodrich,Albert Hackett",129,Comédie,It's a Wonderful Life,,La Vie est belle,1947
"Sean Astin,Elijah Wood,Viggo Mortensen","Les armées de Sauron ont attaqué Minas Tirith, la capitale de Gondor. Jamais ce royaume autrefois puissant n'a eu autant besoin de son roi. Mais Aragorn trouvera-t-il en lui la volonté d'accomplir sa destinée ?","Peter Jackson,Peter Jackson,Philippa Boyens",201,Aventure,The Lord of the Rings: The Return of the King,3.8,Le Seigneur des anneaux : le retour du roi,2003
"Brad Pitt,Morgan Freeman,Gwyneth Paltrow","Pour conclure sa carrière, l'inspecteur Somerset, vieux flic blasé, tombe à sept jours de la retraite sur un criminel peu ordinaire. John Doe, c'est ainsi que se fait appeler l'assassin, a decidé de nettoyer la societé des maux qui la rongent en commettant sept meurtres basés sur les sept pechés capitaux: la gourmandise, l'avarice, la paresse, l'orgueil, la luxure, l'envie et la colère.","David Fincher,Andrew Kevin Walker",130,Policier,Se7en,,Seven,1996
"Lino Ventura,Bernard Blier,Francis Blanche","Propriétaire d'une petite usine de tracteurs, Fernand Naudin mène une vie tranquille et sans histoire quand un télégramme l'appelle à Paris. Il arrive à temps pour recueillir le dernier soupir d'un ami de jeunesse, Louis dit « le Mexicain », qui lui confie ses affaires louches en même temps que la garde de sa fille Patricia. Et les ennuis commencent...","Georges Lautner,Albert Simonin,Georges Lautner",105,Comédie,,3.8,Les Tontons flingueurs,1963
"Johan Heldenbergh,Veerle Baetens,Nell Cattrysse","Didier et Élise vivent une histoire d'amour passionnée et rythmée par la musique. Lui, joue du banjo dans un groupe de Bluegrass Country et vénère l'Amérique. Elle, tient un salon de tatouage et chante dans le groupe de Didier. De leur union fusionnelle naît une fille, Maybelle...","Felix Van Groeningen,Carl Joos,Felix Van Groeningen",109,Drame,The Broken Circle Breakdown,4.0,Alabama Monroe,2013
"Alberto Sordi,Silvana Mangano,Bette Davis","Une américaine très riche est passionnée par les jeux de cartes. Son jeu préféré est le ""scopone scientifico"" auquel elle joue quand elle est en Italie. Là-bas, sa demeure surplombe un bidonville de Rome et madame se plaît à défier les pauvres gens au cours de parties où elle est sûre de remporter la mise...","Luigi Comencini,Rodolfo Sonego",118,Comédie,Lo Scopone scientifico,,L'Argent de la vieille,1977
"James Stewart,Kim Novak,Barbara Bel Geddes","Scottie est sujet au vertige, ce qui lui porte préjudice dans son métier de policier. Rendu responsable de la mort d'un de ses collègues, il décide de quitter la police. Une ancienne relation le contacte afin qu'il suive sa femme, possédée selon lui par l'esprit de son aïeule. Scottie s'éprend de la jeune femme et se trouve ballotté par des évènements qu'il ne peut contrôler.","Alfred Hitchcock,Samuel A. Taylor,Alec Coppel",129,Drame,Vertigo,3.8,Sueurs froides,1959
"Rami Malek,Gwilym Lee,Lucy Boynton","Bohemian Rhapsody retrace le destin extraordinaire du groupe Queen et de leur chanteur emblématique Freddie Mercury, qui a défié les stéréotypes, brisé les conventions et révolutionné la musique. Du succès fulgurant de Freddie Mercury à ses excès, risquant la quasi-implosion du groupe, jusqu’à son retour triomphal sur scène lors du concert Live Aid, alors qu’il était frappé par la maladie, découvrez la vie exceptionnelle d’un homme qui continue d’inspirer les outsiders, les rêveurs et tous ceux qui aiment la musique.","Bryan Singer,Anthony McCarten",135,Biopic,,4.0,Bohemian Rhapsody,2018
"Lino Ventura,Simone Signoret,Paul Crauchet","France 1942. Gerbier, ingénieur des Ponts et Chaussées est également l'un des chefs de la Résistance. Dénoncé et capturé, il est incarcéré dans un camp de prisonniers. Alors qu'il prépare son évasion, il est récupéré par la Gestapo...","Jean-Pierre Melville,Jean-Pierre Melville",143,Drame,,,L'Armée des Ombres,1969
"Adrien Brody,Thomas Kretschmann,Emilia Fox","Durant la Seconde Guerre mondiale, Wladyslaw Szpilman, un célèbre pianiste juif polonais, échappe à la déportation mais se retrouve parqué dans le ghetto de Varsovie dont il partage les souffrances, les humiliations et les luttes héroïques. Il parvient à s'en échapper et se réfugie dans les ruines de la capitale. Un officier allemand, qui apprécie sa musique, l'aide et lui permet de survivre. Né en Pologne en 1911, Wladyslaw Szpilman devient un pianiste et compositeur célèbre. Il est engagé en 1935 par la radio d'Etat polonaise mais est victime comme les autres Juifs de Pologne de l'antisémitisme nazi à partir de l'invasion nazie en septembre 1939. Il échappe à la mort grâce à l'aide d'un officier allemand. En 1946, le pianiste virtuose publie ses mémoires sous le titre Mort de la ville.","Roman Polanski,Ronald Harwood,Roman Polanski",148,Drame,The Pianist,4.1,Le Pianiste,2002
"Al Pacino,Robert De Niro,Diane Keaton","Depuis la mort de Don Vito Corleone, son fils Michael règne sur la famille. Amené à négocier avec la mafia juive, il perd alors le soutien d'un de ses lieutenants, Frankie Pentageli. Echappant de justesse à un attentat, Michael tente de retrouver le coupable, soupçonnant Hyman Roth, le chef de la mafia juive.","Francis Ford Coppola,Mario Puzo,Francis Ford Coppola,Diane Keaton",200,Policier,The Godfather: Part II,,"Le Parrain, 2e partie",1975
"Martin Sheen,Frederic Forrest,Robert Duvall","Cloîtré dans une chambre d'hôtel de Saïgon, le jeune capitaine Willard, mal rasé et imbibé d'alcool, est sorti de sa prostration par une convocation de l'état-major américain. Le général Corman lui confie une mission qui doit rester secrète : éliminer le colonel Kurtz, un militaire aux méthodes quelque peu expéditives et qui sévit au-delà de la frontière cambodgienne.","Francis Ford Coppola,Francis Ford Coppola,John Milius",182,Drame,Apocalypse Now,,Apocalypse Now Final Cut,1979
"Johnny Depp,Winona Ryder,Dianne Wiest","Edward Scissorhands n'est pas un garçon ordinaire. Création d'un inventeur, il a reçu un cœur pour aimer, un cerveau pour comprendre. Mais son concepteur est mort avant d'avoir pu terminer son œuvre et Edward se retrouve avec des lames de métal et des instruments tranchants en guise de doigts.","Tim Burton,Caroline Thompson,Tim Burton,Winona Ryder,Dianne Wiest",105,Drame,Edward Scissorhands,,Edward aux mains d'argent,1991
"Lana Turner,John Gavin,Sandra Dee","Sur la plage de Coney Island, près de New York, Lora Meredith, une jeune mère célibataire aspirant à devenir actrice, rencontre Annie Johnson, une sans-abri noire s'occupant elle aussi seule de sa fille. Les deux femmes sympathisent et Lora propose bientôt à Annie de rester chez elle, devenant ainsi la nourrice et la domestique de la maison. La fille d'Annie, Sarah Jane, semble ne pas supporter la couleur de sa peau à une époque où cela l'exclut socialement ; elle est jalouse de Susie, la petite fille blonde de Lora. Cependant, les deux enfants grandissent ensemble, comme de véritables sœurs.","Douglas Sirk,Allan Scott,Eleanore Griffin",125,Drame,Imitation of life,,Mirage de la vie,1959
"Elijah Wood,Sean Astin,Viggo Mortensen","Après la mort de Boromir et la disparition de Gandalf, la Communauté s'est scindée en trois. Perdus dans les collines d'Emyn Muil, Frodon et Sam découvrent qu'ils sont suivis par Gollum, une créature versatile corrompue par l'Anneau. Celui-ci promet de conduire les Hobbits jusqu'à la Porte Noire du Mordor. A travers la Terre du Milieu, Aragorn, Legolas et Gimli font route vers le Rohan, le royaume assiégé de Theoden. Cet ancien grand roi, manipulé par l'espion de Saroumane, le sinistre Langue de Serpent, est désormais tombé sous la coupe du malfaisant Magicien. Eowyn, la nièce du Roi, reconnaît en Aragorn un meneur d'hommes. Entretemps, les Hobbits Merry et Pippin, prisonniers des Uruk-hai, se sont échappés et ont découvert dans la mystérieuse Forêt de Fangorn un allié inattendu : Sylvebarbe, gardien des arbres, représentant d'un ancien peuple végétal dont Saroumane a décimé la forêt...","Peter Jackson,Peter Jackson,Philippa Boyens",179,Aventure,The Lord of the Rings: The Two Towers,4.0,Le Seigneur des anneaux : les deux tours,2002
"Harrison Ford,Karen Allen,Paul Freeman","1936. Parti à la recherche d'une idole sacrée en pleine jungle péruvienne, l'aventurier Indiana Jones échappe de justesse à une embuscade tendue par son plus coriace adversaire : le Français René Belloq.","Steven Spielberg,Philip Kaufman,Lawrence Kasdan",116,Action,Raiders of the Lost Ark,4.0,Les Aventuriers de l'Arche perdue,1981
"Miles Teller,J.K. Simmons,Paul Reiser","Andrew, 19 ans, rêve de devenir l’un des meilleurs batteurs de jazz de sa génération. Mais la concurrence est rude au conservatoire de Manhattan où il s’entraîne avec acharnement. Il a pour objectif d’intégrer le fleuron des orchestres dirigé par Terence Fletcher, professeur féroce et intraitable. Lorsque celui-ci le repère enfin, Andrew se lance, sous sa direction, dans la quête de l’excellence...","Damien Chazelle,Damien Chazelle",107,Drame,,4.1,Whiplash,2014
"Lon Chaney,Joan Crawford,Nick De Ruiz","Alonzo, ""l'homme sans bras"", vedette d'un cirque installé à Madrid, tire à la carabine et lance des poignards avec ses pieds sur sa partenaire, dont il est secrètement et follement amoureux, la jolie Estrellita. C'est la fille de Zanzi, le directeur.","Tod Browning,Tod Browning,Waldemar Young",65,Drame,The Unknown,,L'Inconnu,2002
"Tim Robbins,Morgan Freeman,Bob Gunton","Red, condamné à perpétuité, et Andy Dufresne, un gentil banquier injustement condamné pour meurtre, se lient d'une amitié inattendue qui va durer plus de vingt ans. Ensemble, ils découvrent l'espoir comme l'ultime moyen de survie. Sous des conditions terrifiantes et la menace omniprésente de la violence, les deux condamnés à perpétuité récupèrent leurs âmes et retrouvent la liberté dans leurs cœurs.","Frank Darabont,Frank Darabont,Stephen King",142,Drame,The Shawshank Redemption,,Les Evadés,1995
"Chishû Ryû,Chieko Higashiyama,Setsuko Hara","Un couple âgé entreprend un voyage pour rendre visite à ses enfants. D’abord accueillis avec les égards qui leur sont dus, les parents s’avèrent bientôt dérangeants. Seule Noriko, la veuve de leur fils mort à la guerre, semble réellement contente de les voir et trouve du temps à leur consacrer. Les enfants, quant à eux, se cotisent pour leur offrir un séjour dans la station thermale d’Atami, loin de Tokyo…","Yasujirô Ozu,Yasujirô Ozu,Kôgo Noda",136,Drame,Tôkyô monogatari,,Voyage à Tokyo,1978
"Joan Fontaine,Louis Jourdan,Mady Christians","Vienne 1900. Quelques heures avant l’aube et sur le point d’affronter en duel un adversaire, un mari trompé, qu’il a d’ailleurs l’intention de fuir, Stefan Brand, ex-pianiste célèbre, homme à femmes, reçoit une longue missive d’une inconnue, Lisa Berndle. Démarre alors en flashback le récit émouvant et douloureux d’une passion d’une femme pour un homme à son insu, une passion si absolue qu’elle semble irréelle, et pourtant…","Max Ophüls,Howard Koch,Max Ophüls",87,Drame,Letter From an Unknown Woman,,Lettre d'une inconnue,1948
"Charles Chaplin,Mack Swain,Tom Murray","1898, Nord-Ouest du Canada. Alors que des milliers d’aventuriers arpentent le Klondike en quête du métal précieux, Charlot est surpris par une tempête de neige. Il trouve refuge dans une cabane isolée et fait la rencontre de Big Jim McKay et du terrible Black Larsen…","Charles Chaplin,Charles Chaplin",72,Comédie,The Gold Rush,,La Ruée vers l'or,1925
"Leonardo DiCaprio,Kate Winslet,Billy Zane","Southampton, 10 avril 1912. Le paquebot le plus grand et le plus moderne du monde, réputé pour son insubmersibilité, le ""Titanic"", appareille pour son premier voyage. Quatre jours plus tard, il heurte un iceberg. A son bord, un artiste pauvre et une grande bourgeoise tombent amoureux.","James Cameron,James Cameron",194,Drame,,,Titanic,1998
"Yoann Borg,Ryûnosuke Kamiki,Alice Orsat","Mitsuha, adolescente coincée dans une famille traditionnelle, rêve de quitter ses montagnes natales pour découvrir la vie trépidante de Tokyo. Elle est loin d’imaginer pouvoir vivre l’aventure urbaine dans la peau de… Taki, un jeune lycéen vivant à Tokyo, occupé entre son petit boulot dans un restaurant italien et ses nombreux amis. À travers ses rêves, Mitsuha se voit littéralement propulsée dans la vie du jeune garçon au point qu’elle croit vivre la réalité... Tout bascule lorsqu’elle réalise que Taki rêve également d’une vie dans les montagnes, entouré d’une famille traditionnelle… dans la peau d’une jeune fille ! Une étrange relation s’installe entre leurs deux corps qu’ils accaparent mutuellement. Quel mystère se cache derrière ces rêves étranges qui unissent deux destinées que tout oppose et qui ne se sont jamais rencontrées ?","Makoto Shinkai,Makoto Shinkai",110,Animation,Kimi no na wa.,4.0,Your Name,2016
"Jean-Philippe Puymartin,Tom Hanks,Richard Darbois","Les créateurs des très populaires films Toy Story ouvrent à nouveau le coffre à jouets et invitent les spectateurs à retrouver le monde délicieusement magique de Woody et Buzz au moment où Andy s'apprête à partir pour l'université. Délaissée, la plus célèbre bande de jouets se retrouve... à la crèche ! Les bambins déchaînés et leurs petits doigts capables de tout arracher sont une vraie menace pour nos amis ! Il devient urgent d'échafauder un plan pour leur échapper au plus vite. Quelques nouveaux venus vont se joindre à la Grande évasion, dont l'éternel séducteur et célibataire Ken, compagnon de Barbie, un hérisson comédien nommé Larosse, et un ours rose parfumé à la fraise appelé Lotso.","Lee Unkrich,Michael Arndt",100,Aventure,,4.0,Toy Story 3,2010
"Joaquin Phoenix,Robert De Niro,Zazie Beetz","Le film, qui relate une histoire originale inédite sur grand écran, se focalise sur la figure emblématique de l’ennemi juré de Batman. Il brosse le portrait d’Arthur Fleck, un homme sans concession méprisé par la société. ","Todd Phillips,Todd Phillips,Scott Silver,Zazie Beetz",122,Drame,,4.1,Joker,2019
"Dev Patel,Rooney Mara,Nicole Kidman","Une incroyable histoire vraie : à 5 ans, Saroo se retrouve seul dans un train traversant l’Inde qui l’emmène malgré lui à des milliers de kilomètres de sa famille. Perdu, le petit garçon doit apprendre à survivre seul dans l’immense ville de Calcutta. Après des mois d’errance, il est recueilli dans un orphelinat et adopté par un couple d’Australiens.","Garth Davis,Luke Davies,Rooney Mara,Nicole Kidman",118,Biopic,,4.0,Lion,2017
"Giulietta Masina,François Périer,Franca Marzi","Cabiria, une petite prostituée romaine, est une gentille fille, assez naïve malgré son dur métier. En dehors de ses clients, les hommes qu'elle rencontre font montre envers elle d'une grande cruauté. Avec une foi inébranlable, Cabiria ne désespère pas de voir tourner sa chance et persiste à chercher l'amour.","Federico Fellini,Federico Fellini,Ennio Flaiano",115,Drame,Le Notti di Cabiria,4.0,Les Nuits de Cabiria,1957
"Jamie Foxx,Christoph Waltz,Leonardo DiCaprio","Dans le sud des États-Unis, deux ans avant la guerre de Sécession, le Dr King Schultz, un chasseur de primes allemand, fait l’acquisition de Django, un esclave qui peut l’aider à traquer les frères Brittle, les meurtriers qu’il recherche. Schultz promet à Django de lui rendre sa liberté lorsqu’il aura capturé les Brittle – morts ou vifs.","Quentin Tarantino,Quentin Tarantino",164,Western,,,Django Unchained,2013
"Kinuyo Tanaka,Toshirô Mifune,Ichirô Sugai","Fille d’une bonne famille aristocratique, introduite à la cour impériale de Kyoto, O-Harru tombe amoureuse d’un homme d’une classe sociale inférieure. Dès lors, sa vie ne sera que tristesse et humiliation. Ce magnifique mélodrame est un portrait de femme bouleversant.","Kenji Mizoguchi,Kenji Mizoguchi,Yoshikata Yoda",136,Drame,Saikaku ichidai onna,4.0,"La Vie d'O'Haru, Femme Galante",2016
"Jean Reno,Gary Oldman,Natalie Portman","Un tueur à gages répondant au nom de Léon prend sous son aile Mathilda, une petite fille de douze ans, seule rescapée du massacre de sa famille. Bientôt, Léon va faire de Mathilda une ""nettoyeuse"", comme lui. Et Mathilda pourra venger son petit frère...","Luc Besson,Luc Besson",103,Action,,,Léon,1994
"Anthony Hopkins,Jodie Foster,Scott Glenn","Un psychopathe connu sous le nom de Buffalo Bill sème la terreur dans le Middle West en kidnappant et en assassinant de jeunes femmes. Clarice Starling, une jeune agent du FBI, est chargée d'interroger l'ex-psychiatre Hannibal Lecter. Psychopathe redoutablement intelligent et porté sur le cannibalisme, Lecter est capable de lui fournir des informations concernant Buffalo Bill ainsi que son portrait psychologique. Mais il n'accepte de l'aider qu'en échange d'informations sur la vie privée de la jeune femme. Entre eux s'établit un lien de fascination et de répulsion.","Jonathan Demme,Ted Tally",118,Policier,The Silence of the Lambs,,Le Silence des agneaux,1991
"Marlon Brando,Al Pacino,James Caan","En 1945, à New York, les Corleone sont une des cinq familles de la mafia. Don Vito Corleone, ""parrain"" de cette famille, marie sa fille à un bookmaker. Sollozzo, "" parrain "" de la famille Tattaglia, propose à Don Vito une association dans le trafic de drogue, mais celui-ci refuse. Sonny, un de ses fils, y est quant à lui favorable.","Francis Ford Coppola,Francis Ford Coppola,Mario Puzo",175,Policier,The Godfather,,Le Parrain,1972
Tomisaburo Wakayama,L'intégrale de la saga culte composée de ses six volets : ,Kenji Misumi,0,,,4.0,Baby Cart la saga,2005
"Élodie Bouchez,Adèle Exarchopoulos,Leïla Bekhti","Depuis 2014, en France, la Justice Restaurative propose à des personnes victimes et auteurs d’infraction de dialoguer dans des dispositifs sécurisés, encadrés par des professionnels et des bénévoles comme Judith, Fanny ou Michel.","Jeanne Herry,Jeanne Herry",118,Drame,,4.1,Je verrai toujours vos visages,2023
"Toshirô Mifune,Yûzô Kayama,Tsutomu Yamazaki","Début 19ème siècle. De retour à Edo après trois ans d'études à Nagasaki, le jeune docteur Noboru Yasumoto est décidé à y faire une brillante carrière. Il rêve d'une nomination dans l'hôpital du Shogunat. Sa connaissance de la médecine occidentale et ses origines le destinent aux plus hautes sphères médicales. Mais sa première affectation l'envoie dans un quartier très pauvre de Tokyo, à la clinique de l'intransigeant Dr Niide dit ""Barberousse"". Egoïste et arriviste, le docteur est mécontent d'être aux ordres d'un médecin dans un endroit qui ne correspond pas à son diplôme et à son ambition. Mais peu à peu, Yasumoto surmonte son amère déception et s'attache aux malades et à son étrange patron. Barberousse est un médecin atypique au coeur pur entièrement dévoué à la cause des plus pauvres. En fréquentant les laissés pour compte de la société, Noboru s'humanise...","Akira Kurosawa,Akira Kurosawa,Masato Ide",185,Drame,Akahige,,Barberousse,1978
"Zain Al Rafeea,Cedra Izam,Nadine Labaki","À l'intérieur d'un tribunal, Zain, un garçon de 12 ans, est présenté devant le juge. À la question : "" Pourquoi attaquez-vous vos parents en justice ? "", Zain lui répond : "" Pour m'avoir donné la vie ! "". Capharnaüm retrace l'incroyable parcours de cet enfant en quête d'identité et qui se rebelle contre la vie qu'on cherche à lui imposer.","Nadine Labaki,Nadine Labaki,Jihad Hojeily",120,Drame,,4.0,Capharnaüm,2018
"Kevin Costner,Mary McDonnell,Rodney A. Grant",Le jeune lieutenant John Dunbar est envoyé à un poste de reconnaissance dans les immenses plaines du Dakota pendant la guerre de Sécession. Il rencontre au cours de l'une de ses missions de reconnaissance le peuple sioux.,"Kevin Costner,Kevin Reynolds,Michael Blake (II)",234,Western,Dances with Wolves,,Danse avec les loups,1991
"Anton Walbrook,Moira Shearer,Marius Goring","Vicky, danseuse, et Julian, compositeur, sont engagés dans une troupe de ballet. Tyrannique, le directeur pousse Vicky à s'identifier à l'héroïne du ballet ""Les Chaussons rouges"". Elle y sacrifie tout, même son amour pour Julien.","Michael Powell,Emeric Pressburger,Michael Powell,Emeric Pressburger",133,Drame,The Red Shoes,4.0,Les Chaussons rouges,1949
"Hugh Jackman,Jake Gyllenhaal,Viola Davis","Dans la banlieue de Boston, deux fillettes de 6 ans, Anna et Joy, ont disparu. Le détective Loki privilégie la thèse du kidnapping suite au témoignage de Keller, le père d’Anna. Le suspect numéro 1 est rapidement arrêté mais est relâché quelques jours plus tard faute de preuve, entrainant la fureur de Keller. Aveuglé par sa douleur, le père dévasté se lance alors dans une course contre la montre pour retrouver les enfants disparus. De son côté, Loki essaie de trouver des indices pour arrêter le coupable avant que Keller ne commette l’irréparable… Les jours passent et les chances de retrouver les fillettes s’amenuisent…","Denis Villeneuve,Aaron Guzikowski",153,Thriller,,3.8,Prisoners,2013
"Brad Pitt,Edward Norton,Helena Bonham Carter","Le narrateur, sans identité précise, vit seul, travaille seul, dort seul, mange seul ses plateaux-repas pour une personne comme beaucoup d'autres personnes seules qui connaissent la misère humaine, morale et sexuelle. C'est pourquoi il va devenir membre du Fight club, un lieu clandestin ou il va pouvoir retrouver sa virilité, l'échange et la communication. Ce club est dirigé par Tyler Durden, une sorte d'anarchiste entre gourou et philosophe qui prêche l'amour de son prochain.","David Fincher,Jim Uhls",139,Drame,,,Fight Club,1999
"Billy Crudup,Billy Bob Thornton,Minnie Driver","Japon, XVe siècle. Jadis protégée par des animaux géants, la forêt se dépeuple à cause de l'homme. Blessé par un sanglier rendu fou par les démons, le jeune guerrier Ashitaka quitte les siens et part à la recherche du dieu-cerf qui seul pourra défaire le sortilège qui lui gangrène le bras. Au cours de son voyage, Ashitaka rencontre Lady Eboshi, à la tête d’une communauté de forgerons, qui doit se défendre contre ceux qui lui reprochent de détruire la forêt pour alimenter ses forges. Parmi ses pires ennemis se trouve San, une jeune fille sauvage élevée par des loups, aussi appelée ""Princesse Mononoké"", la princesse des spectres...","Hayao Miyazaki,Hayao Miyazaki",135,Aventure,Mononoke-Hime,,Princesse Mononoké,2000
"Clint Eastwood,Morgan Freeman,Hilary Swank","Rejeté depuis longtemps par sa fille, l'entraîneur Frankie Dunn s'est replié sur lui-même et vit dans un désert affectif, en évitant toute relation qui pourrait accroître sa douleur et sa culpabilité.","Clint Eastwood,Paul Haggis",132,Drame,,4.0,Million Dollar Baby,2005
"Joel Edgerton,Tom Hardy,Jennifer Morrison","Ancien Marine brisé, Tommy Conlon rentre au pays et demande à son père de le préparer pour un tournoi d’arts martiaux mixtes qui lui permettrait de gagner une fortune. Personne ne sait ce qu’il espère faire de cet argent. Le propre frère de Tommy, Brendan, décide lui aussi de s’engager dans la compétition pour essayer de sauver sa famille. Entre les deux frères, les années n’ont pas adouci les rancœurs.","Gavin O'Connor,A.M. Tambakis,Gavin O'Connor",140,Action,,,Warrior,2011
"Elijah Wood,Sean Astin,Ian McKellen","Dans ce chapitre de la trilogie, le jeune et timide Hobbit, Frodon Sacquet, hérite d'un anneau. Bien loin d'être une simple babiole, il s'agit de l'Anneau Unique, un instrument de pouvoir absolu qui permettrait à Sauron, le Seigneur des ténèbres, de régner sur la Terre du Milieu et de réduire en esclavage ses peuples. À moins que Frodon, aidé d'une Compagnie constituée de Hobbits, d'Hommes, d'un Magicien, d'un Nain, et d'un Elfe, ne parvienne à emporter l'Anneau à travers la Terre du Milieu jusqu'à la Crevasse du Destin, lieu où il a été forgé, et à le détruire pour toujours. Un tel périple signifie s'aventurer très loin en Mordor, les terres du Seigneur des ténèbres, où est rassemblée son armée d'Orques maléfiques... La Compagnie doit non seulement combattre les forces extérieures du mal mais aussi les dissensions internes et l'influence corruptrice qu'exerce l'Anneau lui-même.","Peter Jackson,Peter Jackson,Fran Walsh",178,Aventure,The Lord of the Rings: The Fellowship of the Ring,,Le Seigneur des anneaux : la communauté de l'anneau,2001
"Donnie Yen,Simon Yam,Siu-Wong Fan","Film biographique sur la vie de Ip Man, un maître de Kung-Fu spécialisé dans le style Wing Chun et qui fut le mâitre de Bruce Lee. Dans les années 30, Ip Man vit à Foshan dans le sud de la Chine, lors de l'occupation japonaise. Face à ses indéniables talents en matière d'arts martiaux, les japonais lui demandent d'entraîner les soldats, ce qu'il refuse catégoriquement. Il va alors devoir lutter pour sa survie.","Wilson Yip,Edmond Wong",105,Action,Yip Man,,Ip Man,2010
"Jean Hagen,Gene Kelly,Debbie Reynolds","Les films muets laissent place aux films parlants - et le danseur devenu chanteur est lui aussi pris dans cette transition compliquée, tout comme son ami, sa petite amie et sa désagréable co-star.","Stanley Donen,Gene Kelly,Betty Comden,Adolph Green",103,Comédie musicale,Singin' in the Rain,,Chantons sous la pluie,1953
"J. Robert Spencer,Ayano Shiraishi,Veronica Taylor","Japon, été 1945. Après le bombardement de Kobé, Seita, un adolescent de quatorze ans et sa petite soeur de quatre ans, Setsuko, orphelins, vont s'installer chez leur tante à quelques dizaines de kilomètres de chez eux. Celle-ci leur fait comprendre qu'ils sont une gêne pour la famille et doivent mériter leur riz quotidien. Seita décide de partir avec sa petite soeur. Ils se réfugient dans un bunker désaffecté en pleine campagne et vivent des jours heureux illuminés par la présence de milliers de lucioles. Mais bientôt la nourriture commence cruellement à manquer.","Isao Takahata,Isao Takahata",90,Animation,Hotaru No Haka,4.0,Le Tombeau des lucioles,1996
" Raimu,Pierre Fresnay,Fernand Charpin","Fanny, abandonnée par Marius, épouse Panisse qui adopte Césariot, l’enfant de l’amour, et l’élève comme son fils. Aujourd’hui, Césariot est adulte et Panisse se meurt. Fanny révèle la vérité à son fils qui décide alors de partir à la recherche de Marius, son père…","Marcel Pagnol,Marcel Pagnol",141,Comédie dramatique,,4.0,La Trilogie Marseillaise de Marcel Pagnol : César,1936
" Bourvil,Louis de Funès,Claudio Brook","En 1942, un avion anglais est abattu par les Allemands au-dessus de Paris. Les trois pilotes sautent en parachute et atterrissent dans différents endroits de la capitale. Ils sont aidés par deux civils français, un chef d'orchestre et un peintre en bâtiment qui acceptent de les mener en zone libre; ils deviennent ainsi, malgré eux, acteurs de la Résistance.","Gérard Oury,Gérard Oury,Danièle Thompson",132,Comédie,,3.8,La Grande Vadrouille,1966
"Machiko Kyô,Mitsuko Mito,Kinuyo Tanaka","XVIe siècle. Deux villageois ambitieux partent à l’aventure : le potier Genjuro désire profiter de la guerre pour s’enrichir, le paysan Tobei rêve de devenir un grand samouraï. À la ville, Genjuro est entraîné par une belle et étrange princesse dans son manoir où il succombe à ses sortilèges... Pendant ce temps, le malheur fond sur les épouses délaissées : Ohama est réduite à la prostitution, Miyagi est attaquée par des soldats affamés.","Kenji Mizoguchi,Yoshikata Yoda",97,Drame,Ugetsu monogatari,4.0,Les Contes de la lune vague après la pluie,1959
"Henry Fonda,Martin Balsam,John Fiedler","Un jeune homme d'origine modeste est accusé du meurtre de son père et risque la peine de mort. Le jury composé de douze hommes se retire pour délibérer et procède immédiatement à un vote : onze votent coupable, or la décision doit être prise à l'unanimité. Le juré qui a voté non-coupable, sommé de se justifier, explique qu'il a un doute et que la vie d'un homme mérite quelques heures de discussion. Il s'emploie alors à les convaincre un par un.","Sidney Lumet,Reginald Rose",95,Drame,Twelve Angry Men,,12 hommes en colère,1957
"Robert Downey Jr.,Chris Hemsworth,Mark Ruffalo",Les Avengers et leurs alliés devront être prêts à tout sacrifier pour neutraliser le redoutable Thanos avant que son attaque éclair ne conduise à la destruction complète de l’univers.,"Joe Russo,Anthony Russo,Christopher Markus,Stephen McFeely",156,Action,,4.0,Avengers: Infinity War,2018
"Mark Hamill,Harrison Ford,Carrie Fisher","L'Empire galactique est plus puissant que jamais : la construction de la nouvelle arme, l'Etoile de la Mort, menace l'univers tout entier... Arrêté après la trahison de Lando Calrissian, Han Solo est remis à l'ignoble contrebandier Jabba Le Hutt par le chasseur de primes Boba Fett. Après l'échec d'une première tentative d'évasion menée par la princesse Leia, également arrêtée par Jabba, Luke Skywalker et Lando parviennent à libérer leurs amis.","Richard Marquand,George Lucas,Lawrence Kasdan",133,Aventure,Star Wars: Episode VI - Return of the Jedi,,Star Wars : Episode VI - Le Retour du Jedi,1983
"Carlo Battisti,Maria-Pia Casilio,Lina Gennari","Fonctionnaire à la retraite, Umberto ne parvient plus à subvenir à ses besoins. N’ayant pour seul refuge qu’une pension en piteux état, le vieil homme occupe ses journées à trouver de quoi manger avec pour seul compagnon son chien Flike. Lorsque sa propriétaire menace de l’expulser, Umberto n’a plus qu’à compter sur l’appui de Maria, la jeune femme de chambre qu’il a prise sous son aile...","Vittorio De Sica,Vittorio De Sica,Cesare Zavattini",89,Drame,,,Umberto D.,1952
"Ryan O'Neal,Marisa Berenson,Patrick Magee","Au XVIIIe siècle en Irlande, à la mort de son père, le jeune Redmond Barry ambitionne de monter dans l'échelle sociale. Il élimine en duel son rival,un officier britannique amoureux de sa cousine mais est ensuite contraint à l'exil. Il s'engage dans l'armée britannique et part combattre sur le continent européen. Il déserte bientôt et rejoint l'armée prussienne des soldats de Frederic II afin d'échapper à la peine de mort. Envoyé en mission, il doit espionner un noble joueur, mène un double-jeu et se retrouve sous la protection de ce dernier. Introduit dans la haute société européenne, il parvient à devenir l'amant d'une riche et magnifique jeune femme, Lady Lyndon. Prenant connaissance de l'adultère, son vieil époux sombre dans la dépression et meurt de dépit. Redmond Barry épouse Lady Lyndon et devient Barry Lyndon...","Stanley Kubrick,Stanley Kubrick",187,Aventure,,,Barry Lyndon,1976
"Sigourney Weaver,Tom Skerritt,Veronica Cartwright","Le vaisseau commercial Nostromo et son équipage, sept hommes et femmes, rentrent sur Terre avec une importante cargaison de minerai. Mais lors d'un arrêt forcé sur une planète déserte, l'officier Kane se fait agresser par une forme de vie inconnue, une arachnide qui étouffe son visage.","Ridley Scott,Dan O'Bannon,Walter Hill",116,Epouvante-horreur,Alien,4.0,"Alien, le huitième passager",1979
"Andrew Garfield,Vince Vaughn,Teresa Palmer","Quand la Seconde Guerre mondiale a éclaté, Desmond, un jeune américain, s’est retrouvé confronté à un dilemme : comme n’importe lequel de ses compatriotes, il voulait servir son pays, mais la violence était incompatible avec ses croyances et ses principes moraux. Il s’opposait ne serait-ce qu’à tenir une arme et refusait d’autant plus de tuer.","Mel Gibson,Robert Schenkkan,Andrew Knight",140,Biopic,Hacksaw Ridge,4.0,Tu ne tueras point,2016
"Song Kang-Ho,Woo-sik Choi,Park So-Dam","Toute la famille de Ki-taek est au chômage, et s’intéresse fortement au train de vie de la richissime famille Park. Un jour, leur fils réussit à se faire recommander pour donner des cours particuliers d’anglais chez les Park. C’est le début d’un engrenage incontrôlable, dont personne ne sortira véritablement indemne...","Bong Joon Ho,Bong Joon Ho,Jin Won Han",132,Drame,Gisaengchung,4.0,Parasite,2019
"Russell Crowe,Joaquin Phoenix,Connie Nielsen","Le général romain Maximus est le plus fidèle soutien de l'empereur Marc Aurèle, qu'il a conduit de victoire en victoire avec une bravoure et un dévouement exemplaires. Jaloux du prestige de Maximus, et plus encore de l'amour que lui voue l'empereur, le fils de MarcAurèle, Commode, s'arroge brutalement le pouvoir, puis ordonne l'arrestation du général et son exécution. Maximus échappe à ses assassins mais ne peut empêcher le massacre de sa famille. Capturé par un marchand d'esclaves, il devient gladiateur et prépare sa vengeance.","Ridley Scott,John Logan,William Nicholson",155,Action,,,Gladiator,2000
"Chieko Baishô,Takuya Kimura,Akihiro Miwa","La jeune Sophie, 18 ans, travaille inlassablement dans la chapellerie autrefois tenue par son père, malheureusement décédé. Résignée à son sort, c’est lors de l’une de ses rares sorties en ville qu’elle fait la connaissance du beau Hauru, un magicien. Mais la sorcière des Landes, jalouse de cette rencontre, jette un sort à Sophie, la transformant en vieille dame. Accablée par sa nouvelle apparence, Sophie s’enfuit dans les montagnes et tombe sur la demeure de Hauru : son Château Ambulant. Et si tout ceci n’était que le commencement d’une merveilleuse histoire ?","Hayao Miyazaki,Hayao Miyazaki,Cindy Davis Hewitt",119,Aventure,Hauru no ugoku shiro,,Le Château ambulant,2005
"Charles Chaplin,Jackie Coogan,Edna Purviance","Lâchée par son amant, une jeune femme abandonne son enfant. Charlot le vagabond le recueille. Mais les services sociaux s’en mêlent...","Charles Chaplin,Charles Chaplin",52,Comédie,The Kid,4.0,Le Kid,1921
"Robin Williams,Ethan Hawke,Robert Sean Leonard","Todd Anderson, un garçon plutôt timide, est envoyé dans la prestigieuse académie de Welton, réputée pour être l'une des plus fermées et austères des États-Unis, là où son frère avait connu de brillantes études.","Peter Weir,Tom Schulman",128,Comédie,Dead Poets Society,4.0,Le Cercle des poètes disparus,1990
"Tom Hanks,Michael Clarke Duncan,David Morse","Paul Edgecomb, pensionnaire centenaire d'une maison de retraite, est hanté par ses souvenirs. Gardien-chef du pénitencier de Cold Mountain en 1935, il était chargé de veiller au bon déroulement des exécutions capitales en s’efforçant d'adoucir les derniers moments des condamnés. Parmi eux se trouvait un colosse du nom de John Coffey, accusé du viol et du meurtre de deux fillettes. Intrigué par cet homme candide et timide aux dons magiques, Edgecomb va tisser avec lui des liens très forts.","Frank Darabont,Frank Darabont",189,Policier,The Green Mile,,La Ligne verte,2000
"Al Pacino,Michelle Pfeiffer,Steven Bauer","En 1980, Tony ""Scarface"" Montana bénéficie d'une amnistie du gouvernement cubain pour retourner en Floride. Ambitieux et sans scrupules, il élabore un plan pour éliminer un caïd de la pègre et prendre la place qu'il occupait sur le marché de la drogue.","Brian De Palma,Oliver Stone",165,Policier,,3.9,Scarface,1984
"Pernilla Allwin,Bertil Guve,Kristina Adolphson","Dans cette nouvelle demeure, il règne une atmosphère sévère et ascétique. Fanny et Alexandre sont soumis à son autorité stricte et impitoyable. Edvard Vergerus est sec de cœur, aveuglé par ses principes, et par conséquent incapable d’empathie… Quel va être leur quotidien; quel drame va-t-il se dénouer ?","Ingmar Bergman,Ingmar Bergman",146,Drame,Fanny och Alexander - Part II,,Fanny et Alexandre - Partie 2,2019
"Jim Carrey,Laura Linney,Natascha McElhone","Truman Burbank mène une vie calme et heureuse. Il habite dans un petit pavillon propret de la radieuse station balnéaire de Seahaven. Il part tous les matins à son bureau d'agent d'assurances dont il ressort huit heures plus tard pour regagner son foyer, savourer le confort de son habitat modèle, la bonne humeur inaltérable et le sourire mécanique de sa femme, Meryl. Mais parfois, Truman étouffe sous tant de bonheur et la nuit l'angoisse le submerge. Il se sent de plus en plus étranger, comme si son entourage jouait un rôle. Il se sent observé...","Peter Weir,Andrew Niccol",103,Comédie,,,The Truman Show,1998
"Rumi Hiiragi,Miyu Irino,Mari Natsuki","Chihiro, une fillette de 10 ans, est en route vers sa nouvelle demeure en compagnie de ses parents. Au cours du voyage, la famille fait une halte dans un parc à thème qui leur paraît délabré. Lors de la visite, les parents s’arrêtent dans un des bâtiments pour déguster quelques mets très appétissants, apparus comme par enchantement. Hélas cette nourriture les transforme en porcs. Prise de panique, Chihiro s’enfuit et se retrouve seule dans cet univers fantasmagorique ; elle rencontre alors l’énigmatique Haku, son seul allié dans cette terrible épreuve...","Hayao Miyazaki,Hayao Miyazaki",125,Aventure,Sen to Chihiro no Kamikakushi,,Le Voyage de Chihiro,2002
"Aki Asakura,Kengo Kora,Takeo Chii","Kaguya, « la princesse lumineuse », est un petit être découvert dans la tige d’un bambou par un vieux paysan. La considérant comme un don du ciel, il l’élève avec sa femme, et très vite l’enfant devient une magnifique jeune fille. De la campagne lointaine jusqu’à la grande capitale, sa fascinante beauté suscitera l’engouement auprès de tous ceux qui la rencontrent et elle sera convoitée par cinq nobles princes qui devront relever d’impossibles défis dans l’espoir d’obtenir sa main. Mais le temps venu, elle devra affronter son destin…","Isao Takahata,Isao Takahata,Riko Sakaguchi",137,Animation,Kaguya-hime no monogatari,,Le Conte de la princesse Kaguya,2014
"Ray Liotta,Robert De Niro,Joe Pesci","Depuis sa plus tendre enfance, Henry Hill, né d'un père irlandais et d'une mère sicilienne, veut devenir gangster et appartenir à la Mafia. Adolescent dans les années cinquante, il commence par travailler pour le compte de Paul Cicero et voue une grande admiration pour Jimmy Conway, qui a fait du détournement de camions sa grande spécialité. Lucide et ambitieux, il contribue au casse des entrepôts de l'aéroport d'Idlewild et épouse Karen, une jeune Juive qu'il trompe régulièrement. Mais son implication dans le trafic de drogue le fera plonger...","Martin Scorsese,Nicholas Pileggi,Martin Scorsese,Joe Pesci",145,Policier,Goodfellas,,Les Affranchis,1990
"Tatsuya Nakadai,Shima Iwashita,Akira Ishihama","Au XVIIe siècle, le Japon n'est plus en guerre et le pays est dirigé avec fermeté. Hanshirô Tsugumo, un rônin (samouraï errant) sans travail parmi tant d'autres, décide de frapper à la porte du puissant clan des Ii. Reçu par Kageyu Saitô, l'intendant du clan, il lui demande la permission d'accomplir le suicide par harakiri dans la résidence. Tentant de l'en dissuader, Saitô commence alors à lui raconter l'histoire de Motome Chijiwa, un ancien rônin qui souhaitait accomplir, lui aussi, le même rituel.","Masaki Kobayashi,Shinobu Hashimoto",133,Drame,Seppuku,4.0,Harakiri,1963
"Kevin Spacey,Chazz Palminteri,Gabriel Byrne","En pleine nuit, une explosion ravage un cargo amarré dans le port de Los Angeles. Deux hommes ont échappé à la mort : un matelot hongrois et ""Verbal"" Kint, un petit escroc infirme. Interrogé par l’agent des douanes, ce dernier assure qu’il ignore les circonstances du drame. En échange d’une impunité, il commence pourtant à raconter comment, six semaines plus tôt, à New York, soupçonné d’avoir participé à un vol, il a été convoqué par la police. À ses côtés, quatre autres suspects : Dean Keaton, ancien flic ripou reconverti dans la restauration, Todd Hockney, spécialiste des explosifs, Michael McManus, fin tireur aux réactions imprévisibles, et Fred Fenster, son acolyte. Tous ont passé la nuit dans la même cellule, et McManus leur a proposé un coup : faire main basse sur les émeraudes d’un trafiquant escorté par des policiers corrompus. Après un autre braquage, Kobayashi, l’avocat d’un certain Keyser Söze, leur confie une mission… ","Bryan Singer,Christopher McQuarrie",106,Policier,The Usual Suspects,,Usual Suspects,1995
"Rémy Girard,Lubna Azabal,Mélissa Désormeaux-Poulin","A la lecture du testament de leur mère, Jeanne et Simon Marwan se voient remettre deux enveloppes : l’une destinée à un père qu’ils croyaient mort et l‘autre à un frère dont ils ignoraient l’existence.","Denis Villeneuve,Denis Villeneuve",123,Drame,,3.8,Incendies,2011
"Keanu Reeves,Laurence Fishburne,Carrie-Anne Moss","Programmeur anonyme dans un service administratif le jour, Thomas Anderson devient Neo la nuit venue. Sous ce pseudonyme, il est l'un des pirates les plus recherchés du cyber-espace. A cheval entre deux mondes, Neo est assailli par d'étranges songes et des messages cryptés provenant d'un certain Morpheus. Celui-ci l'exhorte à aller au-delà des apparences et à trouver la réponse à la question qui hante constamment ses pensées : qu'est-ce que la Matrice ? Nul ne le sait, et aucun homme n'est encore parvenu à en percer les defenses. Mais Morpheus est persuadé que Neo est l'Elu, le libérateur mythique de l'humanité annoncé selon la prophétie. Ensemble, ils se lancent dans une lutte sans retour contre la Matrice et ses terribles agents...","Lana Wachowski,Lilly Wachowski,Lilly Wachowski,Lana Wachowski",135,Action,The Matrix,4.0,Matrix,1999
"Liam Neeson,Ben Kingsley,Ralph Fiennes","Evocation des années de guerre d'Oskar Schindler, fils d'industriel d'origine autrichienne rentré à Cracovie en 1939 avec les troupes allemandes. Il va, tout au long de la guerre, protéger des juifs en les faisant travailler dans sa fabrique et en 1944 sauver huit cents hommes et trois cents femmes du camp d'extermination de Auschwitz-Birkenau.","Steven Spielberg,Steven Zaillian",195,Biopic,Schindler's List,4.2,La Liste de Schindler,1994
"Harvey Keitel,Tim Roth,Michael Madsen",Six truands désignés par des noms de code entreprennent de dévaliser une bijouterie sous la direction de Joe Cabot et de son fils Nice Guy Eddie. L'opération échoue et se solde par un bain de sang. Les malfrats se réfugient dans un entrepôt sordide. L'un d'eux soupçonne la présence d'une taupe.. .,"Quentin Tarantino,Quentin Tarantino",99,Policier,,4.0,Reservoir Dogs,1992
"Chiwetel Ejiofor,Michael Fassbender,Benedict Cumberbatch","Les États-Unis, quelques années avant la guerre de Sécession. ","Steve McQueen (II),John Ridley",133,Drame,,4.2,12 Years a Slave,2014
"Harry Baur,Charles Vanel, Florelle","Le forçat Jean Valjean, libéré du bagne, devient un honorable bourgeois. Il promet à une pauvre femme qui se meurt de s'occuper de sa petite fille martyrisée par d'avares aubergistes.","Raymond Bernard,André Lang,Raymond Bernard",101,Drame,,,Les Misérables - Une tempête sous un crâne,2013
"Orson Welles,Joseph Cotten,Dorothy Comingore","A la mort du milliardaire Charles Foster Kane, un grand magnat de la presse, Thompson, un reporter, enquête sur sa vie. Les contacts qu'il prend avec ses proches lui font découvrir un personnage gigantesque, mégalomane, égoïste et solitaire.","Orson Welles,Herman J. Mankiewicz,Orson Welles",119,Drame,,4.0,Citizen Kane,1946
"Anne Dorval,Antoine-Olivier Pilon,Suzanne Clément","Une veuve mono-parentale hérite de la garde de son fils, un adolescent TDAH impulsif et violent. Au coeur de leurs emportements et difficultés, ils tentent de joindre les deux bouts, notamment grâce à l’aide inattendue de l’énigmatique voisine d’en face, Kyla. Tous les trois, ils retrouvent une forme d’équilibre et, bientôt, d’espoir.","Xavier Dolan,Xavier Dolan",139,Drame,,4.0,Mommy,2014
"Timothée Chalamet, Zendaya,Rebecca Ferguson","Dans DUNE : DEUXIÈME PARTIE, Paul Atreides s’unit à Chani et aux Fremen pour mener la révolte contre ceux qui ont anéanti sa famille. Hanté par de sombres prémonitions, il se trouve confronté au plus grand des dilemmes : choisir entre l’amour de sa vie et le destin de l’univers.","Denis Villeneuve,Denis Villeneuve,Jon Spaihts",166,Drame,Dune: Part Two,4.2,Dune : Deuxième Partie,2024
"Kinuyo Tanaka,Yoshiaki Hanayagi,Kyôko Kagawa","XIe siècle. Un gouverneur de province est exilé pour avoir pris le parti des paysans contre l’avis d’un chef militaire. Contraints de reprendre la route de son village natal, sa femme Nakagimi et ses enfants Anju et Zushio sont kidnappés par des bandits de grand chemin. Nakagimi est déportée sur une île, tandis que les enfants sont vendus comme esclaves à l’intendant Sansho, un propriétaire cruel.","Kenji Mizoguchi,Yoshikata Yoda,Fuji Yahiro",124,Drame,Sanshô dayû,4.0,L'Intendant Sansho,1960
"Mark Hamill,Harrison Ford,Carrie Fisher","Il y a bien longtemps, dans une galaxie très lointaine... La guerre civile fait rage entre l'Empire galactique et l'Alliance rebelle. Capturée par les troupes de choc de l'Empereur menées par le sombre et impitoyable Dark Vador, la princesse Leia Organa dissimule les plans de l'Etoile Noire, une station spatiale invulnérable, à son droïde R2-D2 avec pour mission de les remettre au Jedi Obi-Wan Kenobi. Accompagné de son fidèle compagnon, le droïde de protocole C-3PO, R2-D2 s'échoue sur la planète Tatooine et termine sa quête chez le jeune Luke Skywalker. Rêvant de devenir pilote mais confiné aux travaux de la ferme, ce dernier se lance à la recherche de ce mystérieux Obi-Wan Kenobi, devenu ermite au coeur des montagnes désertiques de Tatooine...","George Lucas,George Lucas",121,Aventure,Star Wars: Episode IV - A New Hope,4.0,Star Wars : Episode IV - Un nouvel espoir (La Guerre des étoiles),1977
"Toshirô Mifune,Tatsuya Nakadai,Kyôko Kagawa","Actionnaire d’une grande fabrique de chaussures, Kingo Gondo décide de rassembler tous ses biens pour racheter les actions nécessaires pour devenir majoritaire. C’est alors qu’on lui apprend qu’on a enlevé son fils et qu’une rançon est exigée. Mais, second coup de théâtre, c’est le fils de son chauffeur qui a été enlevé…","Akira Kurosawa,Eijiro Hisaita,Ryuzo Kikushima",143,Drame,Tengoku to jigoku,3.9,Entre le ciel et l'enfer,1976
"Leonardo DiCaprio,Mark Ruffalo,Ben Kingsley","En 1954, le marshal Teddy Daniels et son coéquipier Chuck Aule sont envoyés enquêter sur l'île de Shutter Island, dans un hôpital psychiatrique où sont internés de dangereux criminels. L'une des patientes, Rachel Solando, a inexplicablement disparu. Comment la meurtrière a-t-elle pu sortir d'une cellule fermée de l'extérieur ? Le seul indice retrouvé dans la pièce est une feuille de papier sur laquelle on peut lire une suite de chiffres et de lettres sans signification apparente. Oeuvre cohérente d'une malade, ou cryptogramme ?","Martin Scorsese,Laeta Kalogridis",137,Thriller,,3.8,Shutter Island,2010
"John Travolta,Samuel L. Jackson,Uma Thurman",L'odyssée sanglante et burlesque de petits malfrats dans la jungle de Hollywood à travers trois histoires qui s'entremêlent.,"Quentin Tarantino,Quentin Tarantino,Roger Avary",149,Policier,,,Pulp Fiction,1994
"Charles Chaplin,Paulette Goddard,Henry Bergman","Charlot est ouvrier dans une immense usine. Il resserre quotidiennement des boulons. Mais les machines, le travail à la chaîne le rendent malade, il abandonne son poste et recueille une orpheline…","Charles Chaplin,Charles Chaplin",87,Comédie,Modern Times,4.0,Les Temps modernes,1936
"Fred MacMurray,Barbara Stanwyck,Edward G. Robinson","Walter Neff, un employé d’une compagnie d’assurances, tombe amoureux de sa cliente Phyllis Dietrichson qui réussit à le convaincre d’échafauder avec elle un plan pour supprimer son mari encombrant et violent et ainsi partager avec elle l’assurance-vie de ce dernier. Walter Neff, dont le meilleur ami Barton Keyes est un fin limier qui enquête sur les fraudes à l’assurance dans la même compagnie que lui, pense avoir trouver le plan parfait pour faire passer un meurtre pour un accident. Mais les choses ne se termineront pas comme prévu.","Billy Wilder,Billy Wilder,Raymond Chandler",107,Policier,Double Indemnity,,Assurance sur la mort,1946
"Tom Hanks,Gary Sinise,Robin Wright","Quelques décennies d'histoire américaine, des années 1940 à la fin du XXème siècle, à travers le regard et l'étrange odyssée d'un homme simple et pur, Forrest Gump.","Robert Zemeckis,Eric Roth",140,Comédie,,,Forrest Gump,1994
"Matthew McConaughey,Anne Hathaway,Michael Caine",Le film raconte les aventures d’un groupe d’explorateurs qui utilisent une faille récemment découverte dans l’espace-temps afin de repousser les limites humaines et partir à la conquête des distances astronomiques dans un voyage interstellaire. ,"Christopher Nolan,Jonathan Nolan,Christopher Nolan",169,Drame,,3.8,Interstellar,2014
"Bruce Willis,Haley Joel Osment,Toni Collette","Cole Sear, garconnet de huit ans est hanté par un terrible secret. Son imaginaire est visité par des esprits menaçants. Trop jeune pour comprendre le pourquoi de ces apparitions et traumatisé par ces pouvoirs paranormaux, Cole s'enferme dans une peur maladive et ne veut reveler à personne la cause de son enfermement, à l'exception d'un psychologue pour enfants. La recherche d'une explication rationnelle guidera l'enfant et le thérapeute vers une vérité foudroyante et inexplicable.","M. Night Shyamalan,M. Night Shyamalan",107,Drame,The Sixth Sense,4.0,Le Sixième Sens,2000
"Ben Burtt,Elissa Knight,Jeff Garlin","Faites la connaissance de WALL•E (prononcez ""Walli"") : WALL•E est le dernier être sur Terre et s'avère être un... petit robot ! 700 ans plus tôt, l'humanité a déserté notre planète laissant à cette incroyable petite machine le soin de nettoyer la Terre. Mais au bout de ces longues années, WALL•E a développé un petit défaut technique : une forte personnalité. Extrêmement curieux, très indiscret, il est surtout un peu trop seul...","Andrew Stanton,Andrew Stanton,Pete Docter",97,Aventure,WALL•E,,Wall-E,2008
"Gibson Gowland,Zasu Pitts,Jean Hersholt","Mac Teague, un naïf dentiste, rencontre à San Francisco une jeune fille fiancée à l'un de ses amis...","Erich Von Stroheim,Erich Von Stroheim,June Mathis",100,Drame,Greed,,Les Rapaces,1924
"Brigitte Bardot,Paul Meurisse,Charles Vanel","Dominique comparaît aux assises pour le meurtre de son amant, Gilbert, fiancé de sa soeur Annie. Elle doit se battre contre l'avocat, qui tente de ternir, contre son gré, la mémoire de Gilbert, et contre le procureur, qui essaie de la faire passer pour un monstre sans coeur aux yeux du jury... .","Henri-Georges Clouzot,Michèle Perrein,Jérôme Geronimi",127,Drame,,4.0,La Vérité,1960
"Cary Grant,Eva Marie Saint,James Mason","Le publiciste Roger Tornhill se retrouve par erreur dans la peau d'un espion. Pris entre une mystérieuse organisation qui cherche à le supprimer et la police qui le poursuit, Tornhill est dans une situation bien inconfortable. Il fuit à travers les Etats-Unis et part à la recherche d'une vérité qui se révèlera très surprenante.","Alfred Hitchcock,Ernest Lehman",136,Aventure,North by Northwest,4.0,La Mort aux trousses,1959
"Charles Chaplin,Jack Oakie,Paulette Goddard","À son retour de la guerre de 1914-1918, un petit barbier juif a perdu la mémoire. Après des années d’hôpital, il retrouve sa boutique dans le ghetto. Mais il découvre un monde en proie à la folie. Un dictateur hystérique, Adenoïd Hynkel, son parfait sosie, sème la terreur dans le pays. Avec l’aide de sa compagne Hannah, le barbier résiste aux SS qui menacent la petite communauté. Il se retrouve acteur malgré lui de cette tragique mascarade…","Charles Chaplin,Charles Chaplin",125,Comédie,The Great Dictator,,Le Dictateur,1945
"Kumiko Aso,Megumi Hayashibara,Takuma Hiraoka","Hana et ses deux enfants, Ame et Yuki, vivent discrètement dans un coin tranquille de la ville. Leur vie est simple et joyeuse, mais ils cachent un secret : leur père est un homme-loup. Quand celui-ci disparaît brutalement, Hana décide de quitter la ville pour élever ses enfants à l'abri des regards. Ils emménagent dans un village proche d'une forêt luxuriante…","Mamoru Hosoda,Mamoru Hosoda,Satoko Okudera",117,Animation,Okami kodomo no ame to yuki,4.1,"Les Enfants Loups, Ame & Yuki",2012
"Matthew Modine,Arliss Howard,Vincent D'Onofrio","Pendant la guerre du Viêt Nam, la préparation et l'entrainement d'un groupe de jeunes marines, jusqu'au terrible baptême du feu et la sanglante offensive du Tết à Huế, en 1968.","Stanley Kubrick,Stanley Kubrick,Michael Herr",116,Drame,,,Full Metal Jacket,1987
"Edward Norton,Edward Furlong,Elliott Gould","A travers l'histoire d'une famille américaine, ce film tente d'expliquer l'origine du racisme et de l'extrémisme aux États-Unis. Il raconte l'histoire de Derek qui, voulant venger la mort de son père, abattu par un dealer noir, a épousé les thèses racistes d'un groupuscule de militants d'extrême droite et s'est mis au service de son leader, brutal théoricien prônant la suprématie de la race blanche. Ces théories le mèneront à commettre un double meurtre entrainant son jeune frère, Danny, dans la spirale de la haine.","Tony Kaye,David McKenna",119,Policier,,,American History X,1999
"François Cluzet,Omar Sy,Anne Le Ny","A la suite d’un accident de parapente, Philippe, riche aristocrate, engage comme aide à domicile Driss, un jeune de banlieue tout juste sorti de prison. Bref la personne la moins adaptée pour le job. Ensemble ils vont faire cohabiter Vivaldi et Earth Wind and Fire, le verbe et la vanne, les costumes et les bas de survêtement... Deux univers vont se télescoper, s’apprivoiser, pour donner naissance à une amitié aussi dingue, drôle et forte qu’inattendue, une relation unique qui fera des étincelles et qui les rendra... Intouchables.","Eric Toledano,Olivier Nakache,Eric Toledano,Olivier Nakache",112,Biopic,,4.0,Intouchables,2011
"Clint Eastwood,Eli Wallach,Lee Van Cleef","Pendant la Guerre de Sécession, trois hommes, préférant s'intéresser à leur profit personnel, se lancent à la recherche d'un coffre contenant 200 000 dollars en pièces d'or volés à l'armée sudiste. Tuco sait que le trésor se trouve dans un cimetière, tandis que Joe connaît le nom inscrit sur la pierre tombale qui sert de cache. Chacun a besoin de l'autre. Mais un troisième homme entre dans la course : Setenza, une brute qui n'hésite pas à massacrer femmes et enfants pour parvenir à ses fins.","Sergio Leone,Luciano Vincenzoni,Furio Scarpelli",180,Western,"Il Buono, il brutto, il cattivo",4.1,"Le Bon, la brute et le truand",1968
"Roberto Benigni,Horst Buchholz,Marisa Paredes","En 1938, Guido, jeune homme plein de gaieté, rêve d'ouvrir une librairie, malgré les tracasseries de l'administration fasciste. Il tombe amoureux de Dora, institutrice étouffée par le conformisme familial et l'enlève le jour de ses fiançailles avec un bureaucrate du régime. Cinq ans plus tard, Guido et Dora ont un fils: Giosue. Mais les lois raciales sont entrées en vigueur et Guido est juif. Il est alors déporté avec son fils. Par amour pour eux, Dora monte de son plein gré dans le train qui les emmène aux camps de la mort où Guido veut tout faire pour éviter l'horreur à son fils...","Roberto Benigni,Roberto Benigni,Vincenzo Cerami",117,Comédie,La vita e bella,4.0,La Vie est belle,1998
"Tatiana Samoilova,Aleksey Batalov,Vasili Merkuryev","Moscou, 1941. Veronika et Boris sont éperdument amoureux. Mais lorsque l’Allemagne envahit la Russie, Boris s’engage et part sur le front. Mark, son cousin, évite l’enrôlement et reste auprès de Veronika qu’il convoite. Sans nouvelle de son fiancé, dans le chaos de la guerre, la jeune femme succombe aux avances de Mark. Espérant retrouver Boris, elle s’engage comme infirmière dans un hôpital de Sibérie.","Mikhail Kalatozov,Viktor Rozov",97,Drame,Letyat Zhuravli,4.2,Quand passent les cigognes,1958
"Mark Hamill,Harrison Ford,Carrie Fisher","Malgré la destruction de l'Etoile Noire, l'Empire maintient son emprise sur la galaxie, et poursuit sans relâche sa lutte contre l'Alliance rebelle. Basés sur la planète glacée de Hoth, les rebelles essuient un assaut des troupes impériales. Parvenus à s'échapper, la princesse Leia, Han Solo, Chewbacca et C-3P0 se dirigent vers Bespin, la cité des nuages gouvernée par Lando Calrissian, ancien compagnon de Han. Suivant les instructions d'Obi-Wan Kenobi, Luke Skywalker se rend quant à lui vers le système de Dagobah, planète marécageuse où il doit recevoir l'enseignement du dernier maître Jedi, Yoda. Apprenant l'arrestation de ses compagnons par les ","Irvin Kershner,Leigh Brackett,Lawrence Kasdan",124,Aventure,Star Wars: Episode V - The Empire Strikes Back,,Star Wars : Episode V - L'Empire contre-attaque,1980
"Michel Constantin,Jean Keraudy,Philippe Leroy","Accusé de tentative de meurtre sur sa femme, Claude Gaspard est enfermé à la prison de la Santé. Ses quatre compagnons de cellule lui font part de leur désir d'évasion et creusent, avec une énergie farouche, un tunnel qui les mènera à la liberté. Leur plan aboutira-t-il ?","Jacques Becker,Jean Aurel,Jacques Becker",132,Drame,,,Le Trou,1960
"Anthony Perkins,Janet Leigh,John Gavin","Marion Crane en a assez de ne pouvoir mener sa vie comme elle l'entend. Son travail ne la passionne plus, son amant ne peut l'épouser car il doit verser une énorme pension alimentaire le laissant sans le sou... Mais un beau jour, son patron lui demande de déposer 40 000 dollars à la banque. La tentation est trop grande, et Marion s'enfuit avec l'argent.","Alfred Hitchcock,Joseph Stefano",109,Epouvante-horreur,Psycho,,Psychose,1960
"Koji Yakusho,Aoi Miyazaki,Shôta Sometani","Shibuya, le monde des humains, et Jutengai, le monde des Bêtes... C'est l'histoire d'un garçon solitaire et d'une Bête seule, qui vivent chacun dans deux mondes séparés. Un jour, le garçon se perd dans le monde des Bêtes où il devient le disciple de la Bête Kumatetsu qui lui donne le nom de Kyuta. Cette rencontre fortuite est le début d'une aventure qui dépasse l'imaginaire...","Mamoru Hosoda,Mamoru Hosoda",119,Aventure,Bakemono No Ko,4.0,Le Garçon et la Bête,2016
"Robert De Niro,Christopher Walken,Meryl Streep","1968. Mike, Steven, Nick, Stan et Axel travaillent dans l’aciérie du bourg de Clairton, Pennsylvanie, et forment une bande très liée. À Clairton, les histoires de coeur vont bon train : Steven épouse Angela, bien qu’elle soit enceinte d’un autre, et Nick flirte avec Linda qui semble troubler Mike. Mais cette tranquilité est rattrapée par la guerre du Vietnam lorsque Mike, Steven et Nick sont mobilisés pour partir au combat…","Michael Cimino,Louis Garfinkle,Quinn Redeker,Christopher Walken,Meryl Streep",183,Drame,The Deer Hunter,,Voyage au bout de l'enfer,1979
"Robert De Niro,James Woods,Elizabeth McGovern","A New York, à la fin de la prohibition, Noodles se réfugie dans une fumerie d'opium après un coup qui a mal tourné. Plus de trente ans plus tard, il est de retour en ville et se remémore son passé de gangster : de sa jeunesse de voyou dans les années 20, marquée par sa rencontre avec son ami Max et leurs nombreux trafics dans le ghetto juif de la ville, jusqu'à la période de prohibition où leur bande, liée par une profonde amitié, s'enrichit et marque son ascension dans la pègre grâce au commerce illégal d'alcool. Noodles se rappelle aussi de sa relation amoureuse échouée avec Deborah durant toute sa vie. Une oeuvre crépusculaire dense et sublime, ultime volet de la célèbre trilogie de Sergio Leone et dernier film incontournable du cinéaste dans sa version longue","Sergio Leone,Leonardo Benvenuti,Piero De Bernardi,James Woods,Elizabeth McGovern",229,Policier,Once Upon a Time in America,,Il était une fois en Amérique,1984
"Viggo Mortensen,Mahershala Ali,Linda Cardellini","En 1962, alors que règne la ségrégation, Tony Lip, un videur italo-américain du Bronx, est engagé pour conduire et protéger le Dr Don Shirley, un pianiste noir de renommée mondiale, lors d’une tournée de concerts. Durant leur périple de Manhattan jusqu’au Sud profond, ils s’appuient sur le Green Book pour dénicher les établissements accueillant les personnes de couleur, où l’on ne refusera pas de servir Shirley et où il ne sera ni humilié ni maltraité.","Peter Farrelly,Nick Vallelonga,Brian Hayes Currie",130,Biopic,Green Book,4.0,Green Book : Sur les routes du sud,2019
"Stéphane Bak,Shameik Moore,Shirine Boutella","Après avoir retrouvé Gwen Stacy, Spider-Man, le sympathique héros originaire de Brooklyn, est catapulté à travers le Multivers, où il rencontre une équipe de Spider-Héros chargée d'en protéger l'existence. Mais lorsque les héros s'opposent sur la façon de gérer une nouvelle menace, Miles se retrouve confronté à eux et doit redéfinir ce que signifie être un héros afin de sauver les personnes qu'il aime le plus.","Joaquim Dos Santos,Kemp Powers,Justin Thompson,Phil Lord,Christopher Miller",141,Action,Spider-Man: Across The Spider-Verse,4.1,Spider-Man : Across The Spider-Verse,2023
"Ryan Hurst,Tom Hanks,Tom Sizemore","Alors que les forces alliées débarquent à Omaha Beach, Miller doit conduire son escouade derrière les lignes ennemies pour une mission particulièrement dangereuse : trouver et ramener sain et sauf le simple soldat James Ryan, dont les trois frères sont morts au combat en l'espace de trois jours. Pendant que l'escouade progresse en territoire ennemi, les hommes de Miller se posent des questions. Faut-il risquer la vie de huit hommes pour en sauver un seul ?","Steven Spielberg,Robert Rodat",163,Drame,Saving Private Ryan,,Il faut sauver le soldat Ryan,1998
"Clint Eastwood,Bee Vang,Ahney Her","Walt Kowalski est un ancien de la guerre de Corée, un homme inflexible, amer et pétri de préjugés surannés. Après des années de travail à la chaîne, il vit replié sur lui-même, occupant ses journées à bricoler, traînasser et siroter des bières. Avant de mourir, sa femme exprima le voeu qu'il aille à confesse, mais Walt n'a rien à avouer, ni personne à qui parler. Hormis sa chienne Daisy, il ne fait confiance qu'à son M-1, toujours propre, toujours prêt à l'usage...","Clint Eastwood,Nick Schenk,Dave Johannson",116,Drame,,,Gran Torino,2009
"Henry Fonda,Charles Bronson,Frank Wolff","Alors qu'il prépare une fête pour sa femme, Bet McBain est tué avec ses trois enfants. Jill McBain hérite alors des terres de son mari, terres que convoite Morton, le commanditaire du crime (celles-ci ont de la valeur maintenant que le chemin de fer doit y passer). Mais les soupçons se portent sur un aventurier, Cheyenne...","Sergio Leone,Sergio Donati,Sergio Leone",175,Western,Once Upon a Time in the West,4.0,Il était une fois dans l'Ouest,1969
"James Stewart,Grace Kelly,Wendell Corey","A cause d'une jambe cassée, le reporter-photographe L. B. Jeffries est contraint de rester chez lui dans un fauteuil roulant. Homme d'action et amateur d'aventure, il s'aperçoit qu'il peut tirer parti de son immobilité forcée en étudiant le comportement des habitants de l'immeuble qu'il occupe dans Greenwich Village. Et ses observations l'amènent à la conviction que Lars Thorwald, son voisin d'en face, a assassiné sa femme. Sa fiancée, Lisa Fremont, ne le prend tout d'abord pas au sérieux, ironisant sur l'excitation que lui procure sa surveillance, mais finit par se prendre au jeu...","Alfred Hitchcock,John Michael Hayes",110,Policier,Rear Window,3.9,Fenêtre sur cour,1955
"Kirk Douglas,Ralph Meeker,Adolphe Menjou","En 1916, durant la Première Guerre mondiale, le général français Broulard ordonne au général Mireau de lancer une offensive suicidaire contre une position allemande imprenable, surnommée ""La fourmilière"". Au moment de l'attaque, les soldats tombent par dizaines et leurs compagnons, épuisés, refusent d'avancer...","Stanley Kubrick,Stanley Kubrick,Jim Thompson",88,Drame,Paths of Glory,,Les Sentiers de la gloire,1975
"Michael J. Fox,Christopher Lloyd,Lea Thompson","1985. Le jeune Marty McFly mène une existence anonyme auprès de sa petite amie Jennifer, seulement troublée par sa famille en crise et un proviseur qui serait ravi de l'expulser du lycée. Ami de l'excentrique professeur Emmett Brown, il l'accompagne un soir tester sa nouvelle expérience : le voyage dans le temps ","Robert Zemeckis,Robert Zemeckis,Bob Gale",116,Aventure,Back to the Future,,Retour vers le futur,1985
"Stéphane Bak,Shameik Moore,Jake Johnson","Spider-Man : New Generation suit les aventures de Miles Morales, un adolescent afro-américain et portoricain qui vit à Brooklyn et s’efforce de s’intégrer dans son nouveau collège à Manhattan. Mais la vie de Miles se complique quand il se fait mordre par une araignée radioactive et se découvre des super-pouvoirs : il est désormais capable d’empoisonner ses adversaires, de se camoufler, de coller littéralement aux murs et aux plafonds ; son ouïe est démultipliée... Dans le même temps, le plus redoutable cerveau criminel de la ville, le Caïd, a mis au point un accélérateur de particules nucléaires capable d’ouvrir un portail sur d’autres univers. Son invention va provoquer l’arrivée de plusieurs autres versions de Spider-Man dans le monde de Miles, dont un Peter Parker plus âgé, Spider-Gwen, Spider-Man Noir, Spider-Cochon et Peni Parker, venue d’un dessin animé japonais.","Bob Persichetti,Peter Ramsey,Rodney Rothman,Phil Lord,Rodney Rothman",117,Action,Spider-Man: Into the Spider-Verse,4.2,Spider-Man : New Generation,2018
"Leonardo DiCaprio,Marion Cotillard,Elliot Page","Dom Cobb est un voleur expérimenté – le meilleur qui soit dans l’art périlleux de l’extraction : sa spécialité consiste à s’approprier les secrets les plus précieux d’un individu, enfouis au plus profond de son subconscient, pendant qu’il rêve et que son esprit est particulièrement vulnérable. Très recherché pour ses talents dans l’univers trouble de l’espionnage industriel, Cobb est aussi devenu un fugitif traqué dans le monde entier qui a perdu tout ce qui lui est cher. Mais une ultime mission pourrait lui permettre de retrouver sa vie d’avant – à condition qu’il puisse accomplir l’impossible : l’inception. Au lieu de subtiliser un rêve, Cobb et son équipe doivent faire l’inverse : implanter une idée dans l’esprit d’un individu. S’ils y parviennent, il pourrait s’agir du crime parfait. Et pourtant, aussi méthodiques et doués soient-ils, rien n’aurait pu préparer Cobb et ses partenaires à un ennemi redoutable qui semble avoir systématiquement un coup d’avance sur eux. Un ennemi dont seul Cobb aurait pu soupçonner l’existence.","Christopher Nolan,Christopher Nolan",148,Science Fiction,,4.1,Inception,2010
"Anthony Hopkins,John Hurt,Anne Bancroft","Londres, 1884. Le chirurgien Frederick Treves découvre un homme complètement défiguré et difforme, devenu une attraction de foire. John Merrick, "" le monstre "", doit son nom de Elephant Man au terrible accident que subit sa mère. Alors enceinte de quelques mois, elle est renversée par un éléphant. Impressionné par de telles difformités, le Dr. Treves achète Merrick, l'arrachant ainsi à la violence de son propriétaire, et à l'humiliation quotidienne d'être mis en spectacle. Le chirurgien pense alors que "" le monstre "" est un idiot congénital. Il découvre rapidement en Merrick un homme meurtri, intelligent et doté d'une grande sensibilité.","David Lynch,Christopher De Vore,David Lynch",125,Biopic,The Elephant Man,,Elephant Man,1981
"Charles Chaplin,Virginia Cherrill,Harry Myers","Un vagabond s’éprend d’une belle et jeune vendeuse de fleurs aveugle qui vit avec sa mère, couverte de dettes. Suite à un quiproquo, la fleuriste s’imagine le misérable, qui vient de lui acheter une fleur, en milliardaire...","Charles Chaplin,Harry Carr ( I ),Charles Chaplin",87,Comédie dramatique,City Lights,4.0,Les Lumières de la ville,1931
